IDENTIFIANT|NOM|PRENOM|VILLE|ETAT|DATE_DEMBAUCHE|SALAIRE|POST_OCCUPE
1|TYLER|Franklin|Boise|Florida|17-08-2022|8828|RH
2|QUINCY|Martin|Oklahoma City|Mississippi|27-01-2017|12950|Comptable
3|WASHINGTON|Woodrow|Harrisburg|Oregon|19-04-2023|11862|RH
4|TAFT|Benjamin|Honolulu|Colorado|06-02-2015|8981|Ingénieur BI
5|HOOVER|Dwight|Bismarck|Hawaii|30-04-2022|5782|Ingénieur BI
6|GRANT|Jimmy|Providence|West Virginia|21-04-2016|9815|RH
7|JEFFERSON|Woodrow|Dover|South Carolina|06-10-2018|5241|Comptable
8|WASHINGTON|Rutherford|Honolulu|Georgia|27-03-2024|11317|RH
9|CLEVELAND|Martin|Atlanta|Oklahoma|29-04-2018|14952|Comptable
10|GARFIELD|Calvin|Carson City|Iowa|15-05-2022|8484|RH
11|HOOVER|Woodrow|Little Rock|Virginia|18-03-2019|7207|RH
12|COOLIDGE|Jimmy|Jefferson City|Vermont|08-12-2020|10845|Ingénieur BI
13|WASHINGTON|Ulysses|Pierre|Virginia|11-05-2015|4117|RH
14|CLEVELAND|Abraham|Providence|Texas|19-03-2020|6469|Comptable
15|JOHNSON|Dwight|Annapolis|California|25-03-2017|2248|Comptable
16|ROOSEVELT|George|Columbus|Delaware|30-01-2021|13423|Comptable
17|KENNEDY|Franklin|Little Rock|Michigan|06-11-2020|4674|RH
18|POLK|Dwight|Topeka|Nebraska|31-03-2018|2426|RH
19|TYLER|John|Honolulu|Pennsylvania|12-12-2021|12158|RH
20|HOOVER|Franklin|Springfield|Kansas|16-12-2019|11263|RH
21|ARTHUR|William|Raleigh|Maryland|04-06-2016|13537|RH
22|KENNEDY|Franklin|Phoenix|Michigan|05-06-2015|9716|Comptable
23|JOHNSON|Ulysses|Jackson|Utah|05-03-2023|10897|Ingénieur BI
24|WILSON|Ulysses|Providence|Kentucky|02-12-2015|8740|Comptable
25|KENNEDY|Harry|Baton Rouge|Michigan|29-10-2024|14469|RH
26|MADISON|Lyndon|Charleston|Oklahoma|27-01-2018|4266|Comptable
27|TRUMAN|James|Trenton|Alabama|08-04-2022|3480|Ingénieur BI
28|KENNEDY|Dwight|Salem|Iowa|25-07-2019|4029|Ingénieur BI
29|PIERCE|James|Olympia|New York|03-02-2021|8130|Comptable
30|WASHINGTON|Dwight|Pierre|Virginia|21-07-2021|11616|Ingénieur BI
31|FILLMORE|Herbert|Tallahassee|Hawaii|18-06-2019|6365|RH
32|PIERCE|John|Carson City|Vermont|22-05-2017|8323|RH
33|POLK|Bill|Lansing|New Mexico|07-09-2024|4718|RH
34|LINCOLN|Calvin|Frankfort|California|19-08-2019|7403|Comptable
35|WASHINGTON|Benjamin|Nashville|Kansas|02-06-2018|13184|Comptable
36|ADAMS|Rutherford|Santa Fe|Utah|24-10-2020|11555|Comptable
37|PIERCE|Grover|Hartford|Indiana|19-03-2022|7264|Comptable
38|ARTHUR|Warren|Madison|Illinois|19-07-2019|4950|Comptable
39|PIERCE|Warren|Honolulu|Alaska|31-10-2023|2980|RH
40|ROOSEVELT|Martin|Atlanta|Rhode Island|07-10-2019|4219|RH
41|KENNEDY|Benjamin|Salt Lake City|New Jersey|29-06-2023|13872|Comptable
42|EISENHOWER|James|Helena|Nebraska|26-12-2018|4436|RH
43|TYLER|Grover|Providence|California|12-09-2017|2969|RH
44|ROOSEVELT|Richard|Salem|New York|28-08-2019|11039|Ingénieur BI
45|LINCOLN|Andrew|Salt Lake City|Mississippi|12-07-2021|14300|RH
46|PIERCE|Abraham|Harrisburg|Missouri|25-09-2019|3049|RH
47|FILLMORE|Warren|Annapolis|Maryland|03-04-2019|5076|Ingénieur BI
48|TAFT|Andrew|Columbus|Arkansas|17-07-2024|2946|Ingénieur BI
49|VAN BUREN|Richard|Columbus|New Mexico|18-09-2019|14321|RH
50|HARRISON|James|Denver|New Jersey|20-08-2022|7306|RH
51|ROOSEVELT|Rutherford|Sacramento|Oregon|18-10-2019|12613|Comptable
52|MONROE|Martin|Juneau|New Jersey|20-09-2016|7469|RH
53|HARRISON|Gerald|Phoenix|Oklahoma|13-12-2015|2705|RH
54|VAN BUREN|Millard|Denver|Virginia|07-01-2019|10455|RH
55|LINCOLN|Chester|Lincoln|Mississippi|27-01-2018|8306|RH
56|EISENHOWER|Thomas|Annapolis|Hawaii|01-05-2019|8728|Ingénieur BI
57|TRUMAN|Millard|Dover|Rhode Island|18-06-2017|13473|Ingénieur BI
58|TYLER|Chester|Frankfort|New Jersey|21-10-2015|4295|RH
59|NIXON|Richard|Jefferson City|Missouri|04-08-2024|3194|Ingénieur BI
60|GRANT|Gerald|Boise|Texas|27-09-2016|9826|RH
61|JOHNSON|Benjamin|Boise|Mississippi|18-09-2015|14728|RH
62|MONROE|Thomas|Nashville|Rhode Island|08-07-2018|13966|Ingénieur BI
63|HOOVER|Bill|Providence|South Dakota|12-03-2024|12128|RH
64|TAFT|Franklin|Salem|Kansas|03-03-2024|5107|RH
65|GARFIELD|Bill|Phoenix|Missouri|06-09-2021|3369|RH
66|ARTHUR|Millard|Columbus|Oklahoma|14-02-2022|2707|RH
67|QUINCY|Chester|Bismarck|Virginia|31-01-2019|14564|Comptable
68|KENNEDY|Abraham|Phoenix|Missouri|08-06-2022|4735|Ingénieur BI
69|GARFIELD|Jimmy|Augusta|North Carolina|04-06-2017|9508|RH
70|CARTER|Theodore|Honolulu|Arkansas|20-09-2015|14837|RH
71|LINCOLN|Benjamin|Honolulu|Colorado|06-07-2019|5481|RH
72|HAYES|Martin|Bismarck|Nebraska|10-01-2015|4826|RH
73|FILLMORE|Chester|Austin|North Carolina|24-01-2015|14202|Comptable
74|POLK|Zachary|Frankfort|New York|08-11-2015|12785|RH
75|HAYES|Rutherford|Providence|Idaho|17-09-2015|13774|RH
76|HARRISON|Calvin|Charleston|Illinois|14-05-2023|6806|RH
77|HARRISON|William|Boise|Alaska|10-08-2016|14120|Comptable
78|WASHINGTON|Harry|Harrisburg|Oklahoma|25-09-2018|11254|Comptable
79|NIXON|Richard|Indianapolis|Delaware|03-12-2015|3590|Ingénieur BI
80|JOHNSON|Gerald|Oklahoma City|Wyoming|20-11-2023|6912|RH
81|HARRISON|John|Cheyenne|Vermont|10-12-2024|5530|RH
82|CLINTON|Rutherford|Boise|Vermont|22-02-2022|4006|RH
83|WASHINGTON|Gerald|Columbus|Colorado|08-10-2017|9205|Comptable
84|TRUMAN|Rutherford|Frankfort|Mississippi|01-03-2020|5633|Ingénieur BI
85|ADAMS|Martin|Santa Fe|Rhode Island|07-01-2019|3456|Ingénieur BI
86|TAYLOR|Calvin|Boston|Kentucky|07-10-2020|6502|Comptable
87|MONROE|Harry|Richmond|New Mexico|20-01-2016|7691|Comptable
88|HOOVER|Abraham|Santa Fe|North Carolina|31-08-2022|9189|Ingénieur BI
89|HOOVER|Warren|Denver|Vermont|24-07-2018|4664|Comptable
90|VAN BUREN|Warren|Indianapolis|Kentucky|10-04-2018|9511|Ingénieur BI
91|MONROE|Harry|Raleigh|Oregon|23-12-2021|14763|Comptable
92|ROOSEVELT|Zachary|Harrisburg|New Jersey|06-02-2019|8058|Comptable
93|VAN BUREN|Dwight|Nashville|South Carolina|29-05-2018|10398|Ingénieur BI
94|HOOVER|Andrew|Raleigh|South Dakota|05-03-2023|4155|RH
95|HAYES|Herbert|Sacramento|Missouri|08-03-2016|10458|RH
96|REAGAN|Andrew|Honolulu|Texas|08-03-2017|13639|RH
97|COOLIDGE|Dwight|Phoenix|Georgia|02-07-2023|13508|RH
98|KENNEDY|Ulysses|Atlanta|Pennsylvania|02-02-2016|2296|RH
99|JEFFERSON|Ulysses|Dover|Iowa|11-11-2023|5332|RH
100|KENNEDY|James|Richmond|Massachusetts|26-02-2016|10651|RH
